--------------------------------------------------------
--  File created - Tuesday-November-11-2025   
--------------------------------------------------------
--------------------------------------------------------
--  DDL for Table FASILITAS
--------------------------------------------------------

  CREATE TABLE "HOTEL"."FASILITAS" 
   (	"ID_FASILITAS" NUMBER, 
	"ID_KAMAR" NUMBER, 
	"NAMA_FASILITAS" VARCHAR2(100 BYTE)
   ) SEGMENT CREATION IMMEDIATE 
  PCTFREE 10 PCTUSED 40 INITRANS 1 MAXTRANS 255 NOCOMPRESS LOGGING
  STORAGE(INITIAL 65536 NEXT 1048576 MINEXTENTS 1 MAXEXTENTS 2147483645
  PCTINCREASE 0 FREELISTS 1 FREELIST GROUPS 1 BUFFER_POOL DEFAULT FLASH_CACHE DEFAULT CELL_FLASH_CACHE DEFAULT)
  TABLESPACE "USERS" ;
--------------------------------------------------------
--  DDL for Table KAMAR
--------------------------------------------------------

  CREATE TABLE "HOTEL"."KAMAR" 
   (	"ID_KAMAR" NUMBER, 
	"TIPE_KAMAR" VARCHAR2(50 BYTE), 
	"HARGA_PER_MALAM" NUMBER(12,2), 
	"STATUS" VARCHAR2(15 BYTE), 
	"FOTO_KAMAR" VARCHAR2(255 BYTE)
   ) SEGMENT CREATION IMMEDIATE 
  PCTFREE 10 PCTUSED 40 INITRANS 1 MAXTRANS 255 NOCOMPRESS LOGGING
  STORAGE(INITIAL 65536 NEXT 1048576 MINEXTENTS 1 MAXEXTENTS 2147483645
  PCTINCREASE 0 FREELISTS 1 FREELIST GROUPS 1 BUFFER_POOL DEFAULT FLASH_CACHE DEFAULT CELL_FLASH_CACHE DEFAULT)
  TABLESPACE "USERS" ;
--------------------------------------------------------
--  DDL for Table LAPORANBULANAN
--------------------------------------------------------

  CREATE TABLE "HOTEL"."LAPORANBULANAN" 
   (	"ID_LAPORAN" NUMBER, 
	"ID_PETUGAS" NUMBER, 
	"BULAN" NUMBER, 
	"TAHUN" NUMBER, 
	"TOTAL_PENDAPATAN" NUMBER(12,2), 
	"TOTAL_OKUPANSI" NUMBER, 
	"TANGGAL_DIBUAT" TIMESTAMP (6), 
	"CATATAN_SISTEM" VARCHAR2(255 BYTE)
   ) SEGMENT CREATION IMMEDIATE 
  PCTFREE 10 PCTUSED 40 INITRANS 1 MAXTRANS 255 NOCOMPRESS LOGGING
  STORAGE(INITIAL 65536 NEXT 1048576 MINEXTENTS 1 MAXEXTENTS 2147483645
  PCTINCREASE 0 FREELISTS 1 FREELIST GROUPS 1 BUFFER_POOL DEFAULT FLASH_CACHE DEFAULT CELL_FLASH_CACHE DEFAULT)
  TABLESPACE "USERS" ;
--------------------------------------------------------
--  DDL for Table PEMBAYARAN
--------------------------------------------------------

  CREATE TABLE "HOTEL"."PEMBAYARAN" 
   (	"ID_PEMBAYARAN" NUMBER, 
	"ID_RESERVASI" NUMBER, 
	"METODE_PEMBAYARAN" VARCHAR2(20 BYTE), 
	"JUMLAH_BAYAR" NUMBER(12,2), 
	"TANGGAL_PEMBAYARAN" TIMESTAMP (6), 
	"STATUS_PEMBAYARAN" VARCHAR2(20 BYTE)
   ) SEGMENT CREATION IMMEDIATE 
  PCTFREE 10 PCTUSED 40 INITRANS 1 MAXTRANS 255 NOCOMPRESS LOGGING
  STORAGE(INITIAL 65536 NEXT 1048576 MINEXTENTS 1 MAXEXTENTS 2147483645
  PCTINCREASE 0 FREELISTS 1 FREELIST GROUPS 1 BUFFER_POOL DEFAULT FLASH_CACHE DEFAULT CELL_FLASH_CACHE DEFAULT)
  TABLESPACE "USERS" ;
--------------------------------------------------------
--  DDL for Table PETUGAS
--------------------------------------------------------

  CREATE TABLE "HOTEL"."PETUGAS" 
   (	"ID_PETUGAS" NUMBER, 
	"NAMA_PETUGAS" VARCHAR2(100 BYTE), 
	"PASSWORD" VARCHAR2(255 BYTE)
   ) SEGMENT CREATION IMMEDIATE 
  PCTFREE 10 PCTUSED 40 INITRANS 1 MAXTRANS 255 NOCOMPRESS LOGGING
  STORAGE(INITIAL 65536 NEXT 1048576 MINEXTENTS 1 MAXEXTENTS 2147483645
  PCTINCREASE 0 FREELISTS 1 FREELIST GROUPS 1 BUFFER_POOL DEFAULT FLASH_CACHE DEFAULT CELL_FLASH_CACHE DEFAULT)
  TABLESPACE "USERS" ;
--------------------------------------------------------
--  DDL for Table RESERVASI
--------------------------------------------------------

  CREATE TABLE "HOTEL"."RESERVASI" 
   (	"ID_RESERVASI" NUMBER, 
	"ID_PEMBAYARAN" NUMBER, 
	"ID_KAMAR" NUMBER, 
	"ID_PETUGAS" NUMBER, 
	"ID_TAMU" NUMBER, 
	"TANGGAL_PESAN" TIMESTAMP (6), 
	"TANGGAL_CHECKIN" TIMESTAMP (6), 
	"TANGGAL_CHECKOUT" TIMESTAMP (6), 
	"TOTAL_HARGA" NUMBER(12,2), 
	"STATUS_RESERVASI" VARCHAR2(20 BYTE)
   ) SEGMENT CREATION IMMEDIATE 
  PCTFREE 10 PCTUSED 40 INITRANS 1 MAXTRANS 255 NOCOMPRESS LOGGING
  STORAGE(INITIAL 65536 NEXT 1048576 MINEXTENTS 1 MAXEXTENTS 2147483645
  PCTINCREASE 0 FREELISTS 1 FREELIST GROUPS 1 BUFFER_POOL DEFAULT FLASH_CACHE DEFAULT CELL_FLASH_CACHE DEFAULT)
  TABLESPACE "USERS" ;
--------------------------------------------------------
--  DDL for Table TAMU
--------------------------------------------------------

  CREATE TABLE "HOTEL"."TAMU" 
   (	"ID_TAMU" NUMBER, 
	"NAMA_TAMU" VARCHAR2(100 BYTE), 
	"EMAIL" VARCHAR2(100 BYTE), 
	"PASSWORD" VARCHAR2(255 BYTE), 
	"NO_HP" VARCHAR2(15 BYTE), 
	"ALAMAT" VARCHAR2(150 BYTE)
   ) SEGMENT CREATION IMMEDIATE 
  PCTFREE 10 PCTUSED 40 INITRANS 1 MAXTRANS 255 NOCOMPRESS LOGGING
  STORAGE(INITIAL 65536 NEXT 1048576 MINEXTENTS 1 MAXEXTENTS 2147483645
  PCTINCREASE 0 FREELISTS 1 FREELIST GROUPS 1 BUFFER_POOL DEFAULT FLASH_CACHE DEFAULT CELL_FLASH_CACHE DEFAULT)
  TABLESPACE "USERS" ;
REM INSERTING into HOTEL.FASILITAS
SET DEFINE OFF;
Insert into HOTEL.FASILITAS (ID_FASILITAS,ID_KAMAR,NAMA_FASILITAS) values ('1','1','AC');
Insert into HOTEL.FASILITAS (ID_FASILITAS,ID_KAMAR,NAMA_FASILITAS) values ('2','1','TV');
Insert into HOTEL.FASILITAS (ID_FASILITAS,ID_KAMAR,NAMA_FASILITAS) values ('3','1','WiFi');
Insert into HOTEL.FASILITAS (ID_FASILITAS,ID_KAMAR,NAMA_FASILITAS) values ('4','2','AC');
Insert into HOTEL.FASILITAS (ID_FASILITAS,ID_KAMAR,NAMA_FASILITAS) values ('5','2','TV');
Insert into HOTEL.FASILITAS (ID_FASILITAS,ID_KAMAR,NAMA_FASILITAS) values ('6','2','WiFi');
Insert into HOTEL.FASILITAS (ID_FASILITAS,ID_KAMAR,NAMA_FASILITAS) values ('7','2','Bathtub');
Insert into HOTEL.FASILITAS (ID_FASILITAS,ID_KAMAR,NAMA_FASILITAS) values ('8','2','Mini Bar');
Insert into HOTEL.FASILITAS (ID_FASILITAS,ID_KAMAR,NAMA_FASILITAS) values ('9','3','AC');
Insert into HOTEL.FASILITAS (ID_FASILITAS,ID_KAMAR,NAMA_FASILITAS) values ('10','3','WiFi');
Insert into HOTEL.FASILITAS (ID_FASILITAS,ID_KAMAR,NAMA_FASILITAS) values ('11','4','AC');
Insert into HOTEL.FASILITAS (ID_FASILITAS,ID_KAMAR,NAMA_FASILITAS) values ('12','4','TV');
Insert into HOTEL.FASILITAS (ID_FASILITAS,ID_KAMAR,NAMA_FASILITAS) values ('13','4','WiFi');
Insert into HOTEL.FASILITAS (ID_FASILITAS,ID_KAMAR,NAMA_FASILITAS) values ('14','5','AC');
Insert into HOTEL.FASILITAS (ID_FASILITAS,ID_KAMAR,NAMA_FASILITAS) values ('15','5','TV');
Insert into HOTEL.FASILITAS (ID_FASILITAS,ID_KAMAR,NAMA_FASILITAS) values ('16','5','WiFi');
Insert into HOTEL.FASILITAS (ID_FASILITAS,ID_KAMAR,NAMA_FASILITAS) values ('17','5','Bathtub');
Insert into HOTEL.FASILITAS (ID_FASILITAS,ID_KAMAR,NAMA_FASILITAS) values ('18','5','Mini Bar');
Insert into HOTEL.FASILITAS (ID_FASILITAS,ID_KAMAR,NAMA_FASILITAS) values ('19','6','AC');
Insert into HOTEL.FASILITAS (ID_FASILITAS,ID_KAMAR,NAMA_FASILITAS) values ('20','6','WiFi');
Insert into HOTEL.FASILITAS (ID_FASILITAS,ID_KAMAR,NAMA_FASILITAS) values ('21','6','Bathtub');
Insert into HOTEL.FASILITAS (ID_FASILITAS,ID_KAMAR,NAMA_FASILITAS) values ('22','6','Mini Bar');
Insert into HOTEL.FASILITAS (ID_FASILITAS,ID_KAMAR,NAMA_FASILITAS) values ('23','7','AC');
Insert into HOTEL.FASILITAS (ID_FASILITAS,ID_KAMAR,NAMA_FASILITAS) values ('24','7','TV');
Insert into HOTEL.FASILITAS (ID_FASILITAS,ID_KAMAR,NAMA_FASILITAS) values ('25','7','WiFi');
Insert into HOTEL.FASILITAS (ID_FASILITAS,ID_KAMAR,NAMA_FASILITAS) values ('26','8','AC');
Insert into HOTEL.FASILITAS (ID_FASILITAS,ID_KAMAR,NAMA_FASILITAS) values ('27','8','TV');
Insert into HOTEL.FASILITAS (ID_FASILITAS,ID_KAMAR,NAMA_FASILITAS) values ('28','8','WiFi');
Insert into HOTEL.FASILITAS (ID_FASILITAS,ID_KAMAR,NAMA_FASILITAS) values ('29','8','Bathtub');
Insert into HOTEL.FASILITAS (ID_FASILITAS,ID_KAMAR,NAMA_FASILITAS) values ('30','8','Mini Bar');
Insert into HOTEL.FASILITAS (ID_FASILITAS,ID_KAMAR,NAMA_FASILITAS) values ('31','9','AC');
Insert into HOTEL.FASILITAS (ID_FASILITAS,ID_KAMAR,NAMA_FASILITAS) values ('32','9','WiFi');
Insert into HOTEL.FASILITAS (ID_FASILITAS,ID_KAMAR,NAMA_FASILITAS) values ('33','10','AC');
Insert into HOTEL.FASILITAS (ID_FASILITAS,ID_KAMAR,NAMA_FASILITAS) values ('34','10','TV');
Insert into HOTEL.FASILITAS (ID_FASILITAS,ID_KAMAR,NAMA_FASILITAS) values ('35','10','WiFi');
REM INSERTING into HOTEL.KAMAR
SET DEFINE OFF;
Insert into HOTEL.KAMAR (ID_KAMAR,TIPE_KAMAR,HARGA_PER_MALAM,STATUS,FOTO_KAMAR) values ('1','Deluxe','300000','Tersedia','https://images.unsplash.com/photo-1729605411476-defbdab14c54?crop=entropy&cs=tinysrgb&fit=max&fm=jpg&ixid=M3w3Nzg4Nzd8MHwxfHNlYXJjaHwxfHxob3RlbCUyMGRlbHV4ZSUyMHJvb218ZW58MXx8fHwxNzYyMzMyMTgwfDA&ixlib=rb-4.1.0&q=80&w=1080');
Insert into HOTEL.KAMAR (ID_KAMAR,TIPE_KAMAR,HARGA_PER_MALAM,STATUS,FOTO_KAMAR) values ('2','Suite','500000','Tersedia','https://images.unsplash.com/photo-1560703652-7838c2525e2f?crop=entropy&cs=tinysrgb&fit=max&fm=jpg&ixid=M3w3Nzg4Nzd8MHwxfHNlYXJjaHwxfHxob3RlbCUyMHN1aXRlJTIwbHV4dXJ5fGVufDF8fHx8MTc2MjMyMzkwNHww&ixlib=rb-4.1.0&q=80&w=1080');
Insert into HOTEL.KAMAR (ID_KAMAR,TIPE_KAMAR,HARGA_PER_MALAM,STATUS,FOTO_KAMAR) values ('3','Standard','200000','Tersedia','https://images.unsplash.com/photo-1670800050441-e77f8c82963f?crop=entropy&cs=tinysrgb&fit=max&fm=jpg&ixid=M3w3Nzg4Nzd8MHwxfHNlYXJjaHwxfHxob3RlbCUyMHN0YW5kYXJkJTIwcm9vbXxlbnwxfHx8fDE3NjIzNDMyMzN8MA&ixlib=rb-4.1.0&q=80&w=1080');
Insert into HOTEL.KAMAR (ID_KAMAR,TIPE_KAMAR,HARGA_PER_MALAM,STATUS,FOTO_KAMAR) values ('4','Deluxe','300000','Terisi','https://images.unsplash.com/photo-1729605411476-defbdab14c54?crop=entropy&cs=tinysrgb&fit=max&fm=jpg&ixid=M3w3Nzg4Nzd8MHwxfHNlYXJjaHwxfHxob3RlbCUyMGRlbHV4ZSUyMHJvb218ZW58MXx8fHwxNzYyMzMyMTgwfDA&ixlib=rb-4.1.0&q=80&w=1080');
Insert into HOTEL.KAMAR (ID_KAMAR,TIPE_KAMAR,HARGA_PER_MALAM,STATUS,FOTO_KAMAR) values ('5','Suite','500000','Tersedia','https://images.unsplash.com/photo-1560703652-7838c2525e2f?crop=entropy&cs=tinysrgb&fit=max&fm=jpg&ixid=M3w3Nzg4Nzd8MHwxfHNlYXJjaHwxfHxob3RlbCUyMHN1aXRlJTIwbHV4dXJ5fGVufDF8fHx8MTc2MjMyMzkwNHww&ixlib=rb-4.1.0&q=80&w=1080');
Insert into HOTEL.KAMAR (ID_KAMAR,TIPE_KAMAR,HARGA_PER_MALAM,STATUS,FOTO_KAMAR) values ('6','Standard','200000','Tersedia','https://images.unsplash.com/photo-1670800050441-e77f8c82963f?crop=entropy&cs=tinysrgb&fit=max&fm=jpg&ixid=M3w3Nzg4Nzd8MHwxfHNlYXJjaHwxfHxob3RlbCUyMHN0YW5kYXJkJTIwcm9vbXxlbnwxfHx8fDE3NjIzNDMyMzN8MA&ixlib=rb-4.1.0&q=80&w=1080');
Insert into HOTEL.KAMAR (ID_KAMAR,TIPE_KAMAR,HARGA_PER_MALAM,STATUS,FOTO_KAMAR) values ('7','Deluxe','300000','Tersedia','https://images.unsplash.com/photo-1729605411476-defbdab14c54?crop=entropy&cs=tinysrgb&fit=max&fm=jpg&ixid=M3w3Nzg4Nzd8MHwxfHNlYXJjaHwxfHxob3RlbCUyMGRlbHV4ZSUyMHJvb218ZW58MXx8fHwxNzYyMzMyMTgwfDA&ixlib=rb-4.1.0&q=80&w=1080');
Insert into HOTEL.KAMAR (ID_KAMAR,TIPE_KAMAR,HARGA_PER_MALAM,STATUS,FOTO_KAMAR) values ('8','Suite','500000','Tersedia','https://images.unsplash.com/photo-1560703652-7838c2525e2f?crop=entropy&cs=tinysrgb&fit=max&fm=jpg&ixid=M3w3Nzg4Nzd8MHwxfHNlYXJjaHwxfHxob3RlbCUyMHN1aXRlJTIwbHV4dXJ5fGVufDF8fHx8MTc2MjMyMzkwNHww&ixlib=rb-4.1.0&q=80&w=1080');
Insert into HOTEL.KAMAR (ID_KAMAR,TIPE_KAMAR,HARGA_PER_MALAM,STATUS,FOTO_KAMAR) values ('9','Standard','200000','Tersedia','https://images.unsplash.com/photo-1670800050441-e77f8c82963f?crop=entropy&cs=tinysrgb&fit=max&fm=jpg&ixid=M3w3Nzg4Nzd8MHwxfHNlYXJjaHwxfHxob3RlbCUyMHN0YW5kYXJkJTIwcm9vbXxlbnwxfHx8fDE3NjIzNDMyMzN8MA&ixlib=rb-4.1.0&q=80&w=1080');
Insert into HOTEL.KAMAR (ID_KAMAR,TIPE_KAMAR,HARGA_PER_MALAM,STATUS,FOTO_KAMAR) values ('10','Deluxe','300000','Tersedia','https://images.unsplash.com/photo-1729605411476-defbdab14c54?crop=entropy&cs=tinysrgb&fit=max&fm=jpg&ixid=M3w3Nzg4Nzd8MHwxfHNlYXJjaHwxfHxob3RlbCUyMGRlbHV4ZSUyMHJvb218ZW58MXx8fHwxNzYyMzMyMTgwfDA&ixlib=rb-4.1.0&q=80&w=1080');
REM INSERTING into HOTEL.LAPORANBULANAN
SET DEFINE OFF;
Insert into HOTEL.LAPORANBULANAN (ID_LAPORAN,ID_PETUGAS,BULAN,TAHUN,TOTAL_PENDAPATAN,TOTAL_OKUPANSI,TANGGAL_DIBUAT,CATATAN_SISTEM) values ('1','1','11','2025','12000000','20',to_timestamp('11-11-2025 12.41.08,786000000','DD-MM-RRRR HH24.MI.SSXFF'),'Laporan otomatis');
REM INSERTING into HOTEL.PEMBAYARAN
SET DEFINE OFF;
Insert into HOTEL.PEMBAYARAN (ID_PEMBAYARAN,ID_RESERVASI,METODE_PEMBAYARAN,JUMLAH_BAYAR,TANGGAL_PEMBAYARAN,STATUS_PEMBAYARAN) values ('1','1','Transfer','600000',to_timestamp('05-11-2025 07.00.00,000000000','DD-MM-RRRR HH24.MI.SSXFF'),'Lunas');
REM INSERTING into HOTEL.PETUGAS
SET DEFINE OFF;
Insert into HOTEL.PETUGAS (ID_PETUGAS,NAMA_PETUGAS,PASSWORD) values ('1','Admin','admin123');
Insert into HOTEL.PETUGAS (ID_PETUGAS,NAMA_PETUGAS,PASSWORD) values ('2','Petugas 1','admin123');
Insert into HOTEL.PETUGAS (ID_PETUGAS,NAMA_PETUGAS,PASSWORD) values ('3','Petugas 2','admin123');
REM INSERTING into HOTEL.RESERVASI
SET DEFINE OFF;
Insert into HOTEL.RESERVASI (ID_RESERVASI,ID_PEMBAYARAN,ID_KAMAR,ID_PETUGAS,ID_TAMU,TANGGAL_PESAN,TANGGAL_CHECKIN,TANGGAL_CHECKOUT,TOTAL_HARGA,STATUS_RESERVASI) values ('1','1','4','1','1',to_timestamp('05-11-2025 07.00.00,000000000','DD-MM-RRRR HH24.MI.SSXFF'),to_timestamp('06-11-2025 07.00.00,000000000','DD-MM-RRRR HH24.MI.SSXFF'),to_timestamp('08-11-2025 07.00.00,000000000','DD-MM-RRRR HH24.MI.SSXFF'),'600000','Dipesan');
REM INSERTING into HOTEL.TAMU
SET DEFINE OFF;
Insert into HOTEL.TAMU (ID_TAMU,NAMA_TAMU,EMAIL,PASSWORD,NO_HP,ALAMAT) values ('1','Maulana','maulana@example.com','tamu123','08123456789','Malang');
Insert into HOTEL.TAMU (ID_TAMU,NAMA_TAMU,EMAIL,PASSWORD,NO_HP,ALAMAT) values ('2','Siti','siti@example.com','tamu123','08123456780','Surabaya');
Insert into HOTEL.TAMU (ID_TAMU,NAMA_TAMU,EMAIL,PASSWORD,NO_HP,ALAMAT) values ('3','Budi','budi@example.com','tamu123','08123456781','Jakarta');
--------------------------------------------------------
--  Constraints for Table KAMAR
--------------------------------------------------------

  ALTER TABLE "HOTEL"."KAMAR" ADD PRIMARY KEY ("ID_KAMAR")
  USING INDEX PCTFREE 10 INITRANS 2 MAXTRANS 255 COMPUTE STATISTICS 
  STORAGE(INITIAL 65536 NEXT 1048576 MINEXTENTS 1 MAXEXTENTS 2147483645
  PCTINCREASE 0 FREELISTS 1 FREELIST GROUPS 1 BUFFER_POOL DEFAULT FLASH_CACHE DEFAULT CELL_FLASH_CACHE DEFAULT)
  TABLESPACE "USERS"  ENABLE;
--------------------------------------------------------
--  Constraints for Table TAMU
--------------------------------------------------------

  ALTER TABLE "HOTEL"."TAMU" ADD PRIMARY KEY ("ID_TAMU")
  USING INDEX PCTFREE 10 INITRANS 2 MAXTRANS 255 COMPUTE STATISTICS 
  STORAGE(INITIAL 65536 NEXT 1048576 MINEXTENTS 1 MAXEXTENTS 2147483645
  PCTINCREASE 0 FREELISTS 1 FREELIST GROUPS 1 BUFFER_POOL DEFAULT FLASH_CACHE DEFAULT CELL_FLASH_CACHE DEFAULT)
  TABLESPACE "USERS"  ENABLE;
--------------------------------------------------------
--  Constraints for Table LAPORANBULANAN
--------------------------------------------------------

  ALTER TABLE "HOTEL"."LAPORANBULANAN" ADD PRIMARY KEY ("ID_LAPORAN")
  USING INDEX PCTFREE 10 INITRANS 2 MAXTRANS 255 COMPUTE STATISTICS 
  STORAGE(INITIAL 65536 NEXT 1048576 MINEXTENTS 1 MAXEXTENTS 2147483645
  PCTINCREASE 0 FREELISTS 1 FREELIST GROUPS 1 BUFFER_POOL DEFAULT FLASH_CACHE DEFAULT CELL_FLASH_CACHE DEFAULT)
  TABLESPACE "USERS"  ENABLE;
--------------------------------------------------------
--  Constraints for Table FASILITAS
--------------------------------------------------------

  ALTER TABLE "HOTEL"."FASILITAS" ADD PRIMARY KEY ("ID_FASILITAS")
  USING INDEX PCTFREE 10 INITRANS 2 MAXTRANS 255 COMPUTE STATISTICS 
  STORAGE(INITIAL 65536 NEXT 1048576 MINEXTENTS 1 MAXEXTENTS 2147483645
  PCTINCREASE 0 FREELISTS 1 FREELIST GROUPS 1 BUFFER_POOL DEFAULT FLASH_CACHE DEFAULT CELL_FLASH_CACHE DEFAULT)
  TABLESPACE "USERS"  ENABLE;
--------------------------------------------------------
--  Constraints for Table PETUGAS
--------------------------------------------------------

  ALTER TABLE "HOTEL"."PETUGAS" ADD PRIMARY KEY ("ID_PETUGAS")
  USING INDEX PCTFREE 10 INITRANS 2 MAXTRANS 255 COMPUTE STATISTICS 
  STORAGE(INITIAL 65536 NEXT 1048576 MINEXTENTS 1 MAXEXTENTS 2147483645
  PCTINCREASE 0 FREELISTS 1 FREELIST GROUPS 1 BUFFER_POOL DEFAULT FLASH_CACHE DEFAULT CELL_FLASH_CACHE DEFAULT)
  TABLESPACE "USERS"  ENABLE;
--------------------------------------------------------
--  Constraints for Table RESERVASI
--------------------------------------------------------

  ALTER TABLE "HOTEL"."RESERVASI" ADD PRIMARY KEY ("ID_RESERVASI")
  USING INDEX PCTFREE 10 INITRANS 2 MAXTRANS 255 COMPUTE STATISTICS 
  STORAGE(INITIAL 65536 NEXT 1048576 MINEXTENTS 1 MAXEXTENTS 2147483645
  PCTINCREASE 0 FREELISTS 1 FREELIST GROUPS 1 BUFFER_POOL DEFAULT FLASH_CACHE DEFAULT CELL_FLASH_CACHE DEFAULT)
  TABLESPACE "USERS"  ENABLE;
--------------------------------------------------------
--  Constraints for Table PEMBAYARAN
--------------------------------------------------------

  ALTER TABLE "HOTEL"."PEMBAYARAN" ADD PRIMARY KEY ("ID_PEMBAYARAN")
  USING INDEX PCTFREE 10 INITRANS 2 MAXTRANS 255 COMPUTE STATISTICS 
  STORAGE(INITIAL 65536 NEXT 1048576 MINEXTENTS 1 MAXEXTENTS 2147483645
  PCTINCREASE 0 FREELISTS 1 FREELIST GROUPS 1 BUFFER_POOL DEFAULT FLASH_CACHE DEFAULT CELL_FLASH_CACHE DEFAULT)
  TABLESPACE "USERS"  ENABLE;
--------------------------------------------------------
--  Ref Constraints for Table FASILITAS
--------------------------------------------------------

  ALTER TABLE "HOTEL"."FASILITAS" ADD CONSTRAINT "FK_FASILITAS_KAMAR" FOREIGN KEY ("ID_KAMAR")
	  REFERENCES "HOTEL"."KAMAR" ("ID_KAMAR") ENABLE;
--------------------------------------------------------
--  Ref Constraints for Table LAPORANBULANAN
--------------------------------------------------------

  ALTER TABLE "HOTEL"."LAPORANBULANAN" ADD CONSTRAINT "FK_LAPORAN_PETUGAS" FOREIGN KEY ("ID_PETUGAS")
	  REFERENCES "HOTEL"."PETUGAS" ("ID_PETUGAS") ENABLE;
--------------------------------------------------------
--  Ref Constraints for Table PEMBAYARAN
--------------------------------------------------------

  ALTER TABLE "HOTEL"."PEMBAYARAN" ADD CONSTRAINT "FK_PEMBAYARAN_RESERVASI" FOREIGN KEY ("ID_RESERVASI")
	  REFERENCES "HOTEL"."RESERVASI" ("ID_RESERVASI") ENABLE;
--------------------------------------------------------
--  Ref Constraints for Table RESERVASI
--------------------------------------------------------

  ALTER TABLE "HOTEL"."RESERVASI" ADD CONSTRAINT "FK_RESERVASI_KAMAR" FOREIGN KEY ("ID_KAMAR")
	  REFERENCES "HOTEL"."KAMAR" ("ID_KAMAR") ENABLE;
 
  ALTER TABLE "HOTEL"."RESERVASI" ADD CONSTRAINT "FK_RESERVASI_PEMBAYARAN" FOREIGN KEY ("ID_PEMBAYARAN")
	  REFERENCES "HOTEL"."PEMBAYARAN" ("ID_PEMBAYARAN") ENABLE;
 
  ALTER TABLE "HOTEL"."RESERVASI" ADD CONSTRAINT "FK_RESERVASI_PETUGAS" FOREIGN KEY ("ID_PETUGAS")
	  REFERENCES "HOTEL"."PETUGAS" ("ID_PETUGAS") ENABLE;
 
  ALTER TABLE "HOTEL"."RESERVASI" ADD CONSTRAINT "FK_RESERVASI_TAMU" FOREIGN KEY ("ID_TAMU")
	  REFERENCES "HOTEL"."TAMU" ("ID_TAMU") ENABLE;
